population_type,scenario,region,analysis,point_percent,lower95_percent,upper95_percent,interval_definition,storm_only_definition
Total,SSP1-2.6,China,Main HRRD,-7.4237060546875,-111.4031629562378,54.4754638671875,2.5th-97.5th percentiles across paired RR draws and three CWRF climate members,storm rain >=50 mm d-1 in all six regions
Total,SSP1-2.6,NE,Main HRRD,-36.360328674316406,-83.97862434387207,-13.039886474609375,2.5th-97.5th percentiles across paired RR draws and three CWRF climate members,storm rain >=50 mm d-1 in all six regions
Total,SSP1-2.6,NC,Main HRRD,-31.463882446289062,-91.50282096862793,-4.308403015136719,2.5th-97.5th percentiles across paired RR draws and three CWRF climate members,storm rain >=50 mm d-1 in all six regions
Total,SSP1-2.6,NW,Main HRRD,-21.914535522460938,-82.93742752075195,22.999664306640625,2.5th-97.5th percentiles across paired RR draws and three CWRF climate members,storm rain >=50 mm d-1 in all six regions
Total,SSP1-2.6,EC,Main HRRD,-12.646697998046875,-85.86890029907227,24.359512329101562,2.5th-97.5th percentiles across paired RR draws and three CWRF climate members,storm rain >=50 mm d-1 in all six regions
Total,SSP1-2.6,CC,Main HRRD,-26.83184814453125,-144.14201736450195,61.439056396484375,2.5th-97.5th percentiles across paired RR draws and three CWRF climate members,storm rain >=50 mm d-1 in all six regions
Total,SSP1-2.6,SC,Main HRRD,-1.6090927124023438,-131.09246444702148,71.05667114257812,2.5th-97.5th percentiles across paired RR draws and three CWRF climate members,storm rain >=50 mm d-1 in all six regions
Total,SSP1-2.6,China,Storm-only,-11.060721640602338,-101.72044214728294,57.64031012469077,2.5th-97.5th percentiles across paired RR draws and three CWRF climate members,storm rain >=50 mm d-1 in all six regions
Total,SSP1-2.6,NE,Storm-only,-36.36033026622901,-83.97862448353055,-13.039885475594133,2.5th-97.5th percentiles across paired RR draws and three CWRF climate members,storm rain >=50 mm d-1 in all six regions
Total,SSP1-2.6,NC,Storm-only,-31.46388063166748,-91.502821103593,-4.308405687098116,2.5th-97.5th percentiles across paired RR draws and three CWRF climate members,storm rain >=50 mm d-1 in all six regions
Total,SSP1-2.6,NW,Storm-only,-21.91453929680577,-82.93742701533085,22.99966683143326,2.5th-97.5th percentiles across paired RR draws and three CWRF climate members,storm rain >=50 mm d-1 in all six regions
Total,SSP1-2.6,EC,Storm-only,-12.646699747284003,-85.86890056860534,24.359514695823734,2.5th-97.5th percentiles across paired RR draws and three CWRF climate members,storm rain >=50 mm d-1 in all six regions
Total,SSP1-2.6,CC,Storm-only,-30.729243484020913,-96.0837447326876,14.074982577461242,2.5th-97.5th percentiles across paired RR draws and three CWRF climate members,storm rain >=50 mm d-1 in all six regions
Total,SSP1-2.6,SC,Storm-only,-1.1897194280937242,-87.9351100522916,31.05385484138418,2.5th-97.5th percentiles across paired RR draws and three CWRF climate members,storm rain >=50 mm d-1 in all six regions
Total,SSP2-4.5,China,Main HRRD,-4.061767578125,-107.95892667770386,61.27790832519531,2.5th-97.5th percentiles across paired RR draws and three CWRF climate members,storm rain >=50 mm d-1 in all six regions
Total,SSP2-4.5,NE,Main HRRD,-38.708160400390625,-79.82157325744629,-9.000648498535156,2.5th-97.5th percentiles across paired RR draws and three CWRF climate members,storm rain >=50 mm d-1 in all six regions
Total,SSP2-4.5,NC,Main HRRD,-25.122344970703125,-89.44845581054688,14.131355285644531,2.5th-97.5th percentiles across paired RR draws and three CWRF climate members,storm rain >=50 mm d-1 in all six regions
Total,SSP2-4.5,NW,Main HRRD,-19.30841827392578,-80.55146598815918,26.51763916015625,2.5th-97.5th percentiles across paired RR draws and three CWRF climate members,storm rain >=50 mm d-1 in all six regions
Total,SSP2-4.5,EC,Main HRRD,-10.524635314941406,-84.16839694976807,24.2884521484375,2.5th-97.5th percentiles across paired RR draws and three CWRF climate members,storm rain >=50 mm d-1 in all six regions
Total,SSP2-4.5,CC,Main HRRD,-25.728790283203125,-147.9548568725586,64.18002319335938,2.5th-97.5th percentiles across paired RR draws and three CWRF climate members,storm rain >=50 mm d-1 in all six regions
Total,SSP2-4.5,SC,Main HRRD,2.2866973876953125,-125.65700340270996,73.65498352050781,2.5th-97.5th percentiles across paired RR draws and three CWRF climate members,storm rain >=50 mm d-1 in all six regions
Total,SSP2-4.5,China,Storm-only,-7.014101867668913,-100.7976731739442,66.98941620731658,2.5th-97.5th percentiles across paired RR draws and three CWRF climate members,storm rain >=50 mm d-1 in all six regions
Total,SSP2-4.5,NE,Storm-only,-38.70816209918383,-79.82157247552196,-9.000650098996076,2.5th-97.5th percentiles across paired RR draws and three CWRF climate members,storm rain >=50 mm d-1 in all six regions
Total,SSP2-4.5,NC,Storm-only,-25.12234372744433,-89.44845621487919,14.131353322002255,2.5th-97.5th percentiles across paired RR draws and three CWRF climate members,storm rain >=50 mm d-1 in all six regions
Total,SSP2-4.5,NW,Storm-only,-19.308415803490448,-80.55146583287271,26.517639306476525,2.5th-97.5th percentiles across paired RR draws and three CWRF climate members,storm rain >=50 mm d-1 in all six regions
Total,SSP2-4.5,EC,Storm-only,-10.524635411820242,-84.16839736332942,24.288455727525204,2.5th-97.5th percentiles across paired RR draws and three CWRF climate members,storm rain >=50 mm d-1 in all six regions
Total,SSP2-4.5,CC,Storm-only,-29.301505429965218,-95.57126734121563,25.902700524968793,2.5th-97.5th percentiles across paired RR draws and three CWRF climate members,storm rain >=50 mm d-1 in all six regions
Total,SSP2-4.5,SC,Storm-only,3.973077487679191,-86.47245187534448,35.312347805586995,2.5th-97.5th percentiles across paired RR draws and three CWRF climate members,storm rain >=50 mm d-1 in all six regions
Total,SSP5-8.5,China,Main HRRD,19.165908813476562,-51.40249252319336,82.84538269042969,2.5th-97.5th percentiles across paired RR draws and three CWRF climate members,storm rain >=50 mm d-1 in all six regions
Total,SSP5-8.5,NE,Main HRRD,4.130950927734375,-10.298057556152344,11.352645874023438,2.5th-97.5th percentiles across paired RR draws and three CWRF climate members,storm rain >=50 mm d-1 in all six regions
Total,SSP5-8.5,NC,Main HRRD,16.699615478515625,2.7218551635742188,37.35002136230469,2.5th-97.5th percentiles across paired RR draws and three CWRF climate members,storm rain >=50 mm d-1 in all six regions
Total,SSP5-8.5,NW,Main HRRD,6.302116394042969,-13.347061157226562,42.73036193847656,2.5th-97.5th percentiles across paired RR draws and three CWRF climate members,storm rain >=50 mm d-1 in all six regions
Total,SSP5-8.5,EC,Main HRRD,25.3228759765625,19.326080322265625,32.87762451171875,2.5th-97.5th percentiles across paired RR draws and three CWRF climate members,storm rain >=50 mm d-1 in all six regions
Total,SSP5-8.5,CC,Main HRRD,0.6501846313476562,-69.18380928039551,71.86433410644531,2.5th-97.5th percentiles across paired RR draws and three CWRF climate members,storm rain >=50 mm d-1 in all six regions
Total,SSP5-8.5,SC,Main HRRD,23.501243591308594,-22.489089965820312,83.72361755371094,2.5th-97.5th percentiles across paired RR draws and three CWRF climate members,storm rain >=50 mm d-1 in all six regions
Total,SSP5-8.5,China,Storm-only,23.877982720120656,-29.105760785184316,111.28692748612875,2.5th-97.5th percentiles across paired RR draws and three CWRF climate members,storm rain >=50 mm d-1 in all six regions
Total,SSP5-8.5,NE,Storm-only,4.130953094767278,-10.298055323143302,11.3526496214442,2.5th-97.5th percentiles across paired RR draws and three CWRF climate members,storm rain >=50 mm d-1 in all six regions
Total,SSP5-8.5,NC,Storm-only,16.69961831881983,2.721854488396417,37.35001416750319,2.5th-97.5th percentiles across paired RR draws and three CWRF climate members,storm rain >=50 mm d-1 in all six regions
Total,SSP5-8.5,NW,Storm-only,6.302118101584853,-13.347061692151868,42.730361481478525,2.5th-97.5th percentiles across paired RR draws and three CWRF climate members,storm rain >=50 mm d-1 in all six regions
Total,SSP5-8.5,EC,Storm-only,25.322878981428516,19.326083645652943,32.87763172806453,2.5th-97.5th percentiles across paired RR draws and three CWRF climate members,storm rain >=50 mm d-1 in all six regions
Total,SSP5-8.5,CC,Storm-only,5.900476668588254,3.020185703088046,14.67752714704875,2.5th-97.5th percentiles across paired RR draws and three CWRF climate members,storm rain >=50 mm d-1 in all six regions
Total,SSP5-8.5,SC,Storm-only,31.54286585691949,20.740224260977698,51.299766063619245,2.5th-97.5th percentiles across paired RR draws and three CWRF climate members,storm rain >=50 mm d-1 in all six regions
Urban,SSP1-2.6,China,Main HRRD,34.082427978515625,-115.80831336975098,130.5086212158203,2.5th-97.5th percentiles across paired RR draws and three CWRF climate members,storm rain >=50 mm d-1 in all six regions
Urban,SSP1-2.6,NE,Main HRRD,-24.701744079589844,-81.07159996032715,2.9655914306640625,2.5th-97.5th percentiles across paired RR draws and three CWRF climate members,storm rain >=50 mm d-1 in all six regions
Urban,SSP1-2.6,NC,Main HRRD,-8.336311340332031,-88.82769680023193,28.606674194335938,2.5th-97.5th percentiles across paired RR draws and three CWRF climate members,storm rain >=50 mm d-1 in all six regions
Urban,SSP1-2.6,NW,Main HRRD,17.215789794921875,-75.02877807617188,84.35507202148438,2.5th-97.5th percentiles across paired RR draws and three CWRF climate members,storm rain >=50 mm d-1 in all six regions
Urban,SSP1-2.6,EC,Main HRRD,20.137191772460938,-80.00221061706543,70.49688720703125,2.5th-97.5th percentiles across paired RR draws and three CWRF climate members,storm rain >=50 mm d-1 in all six regions
Urban,SSP1-2.6,CC,Main HRRD,9.663505554199219,-166.06920623779297,143.29489135742188,2.5th-97.5th percentiles across paired RR draws and three CWRF climate members,storm rain >=50 mm d-1 in all six regions
Urban,SSP1-2.6,SC,Main HRRD,41.88287353515625,-149.92352294921875,159.75845336914062,2.5th-97.5th percentiles across paired RR draws and three CWRF climate members,storm rain >=50 mm d-1 in all six regions
Urban,SSP1-2.6,China,Storm-only,29.171717627985572,-102.89537612483666,131.85018054780738,2.5th-97.5th percentiles across paired RR draws and three CWRF climate members,storm rain >=50 mm d-1 in all six regions
Urban,SSP1-2.6,NE,Storm-only,-24.701741116629165,-81.07159908324414,2.965593386717231,2.5th-97.5th percentiles across paired RR draws and three CWRF climate members,storm rain >=50 mm d-1 in all six regions
Urban,SSP1-2.6,NC,Storm-only,-8.33630864740283,-88.82769672783836,28.606676873818657,2.5th-97.5th percentiles across paired RR draws and three CWRF climate members,storm rain >=50 mm d-1 in all six regions
Urban,SSP1-2.6,NW,Storm-only,17.215791169269323,-75.02877746260558,84.35506768621485,2.5th-97.5th percentiles across paired RR draws and three CWRF climate members,storm rain >=50 mm d-1 in all six regions
Urban,SSP1-2.6,EC,Storm-only,20.13719352940275,-80.0022106521452,70.49688224055001,2.5th-97.5th percentiles across paired RR draws and three CWRF climate members,storm rain >=50 mm d-1 in all six regions
Urban,SSP1-2.6,CC,Storm-only,3.843025409640461,-94.16336690646826,69.94563813098716,2.5th-97.5th percentiles across paired RR draws and three CWRF climate members,storm rain >=50 mm d-1 in all six regions
Urban,SSP1-2.6,SC,Storm-only,43.68052549635743,-81.67486440355133,86.74735130709698,2.5th-97.5th percentiles across paired RR draws and three CWRF climate members,storm rain >=50 mm d-1 in all six regions
Urban,SSP2-4.5,China,Main HRRD,34.50428771972656,-110.85207271575928,120.58784484863281,2.5th-97.5th percentiles across paired RR draws and three CWRF climate members,storm rain >=50 mm d-1 in all six regions
Urban,SSP2-4.5,NE,Main HRRD,-28.027793884277344,-76.16389274597168,6.734016418457031,2.5th-97.5th percentiles across paired RR draws and three CWRF climate members,storm rain >=50 mm d-1 in all six regions
Urban,SSP2-4.5,NC,Main HRRD,-0.6606292724609375,-86.28131008148193,54.39520263671875,2.5th-97.5th percentiles across paired RR draws and three CWRF climate members,storm rain >=50 mm d-1 in all six regions
Urban,SSP2-4.5,NW,Main HRRD,20.363693237304688,-70.65798377990723,89.00167846679688,2.5th-97.5th percentiles across paired RR draws and three CWRF climate members,storm rain >=50 mm d-1 in all six regions
Urban,SSP2-4.5,EC,Main HRRD,22.706222534179688,-77.67910957336426,68.7095947265625,2.5th-97.5th percentiles across paired RR draws and three CWRF climate members,storm rain >=50 mm d-1 in all six regions
Urban,SSP2-4.5,CC,Main HRRD,10.862922668457031,-171.95671844482422,148.03585815429688,2.5th-97.5th percentiles across paired RR draws and three CWRF climate members,storm rain >=50 mm d-1 in all six regions
Urban,SSP2-4.5,SC,Main HRRD,41.910400390625,-142.04087829589844,142.6835479736328,2.5th-97.5th percentiles across paired RR draws and three CWRF climate members,storm rain >=50 mm d-1 in all six regions
Urban,SSP2-4.5,China,Storm-only,29.905161239459403,-98.50197471550366,129.59056546725378,2.5th-97.5th percentiles across paired RR draws and three CWRF climate members,storm rain >=50 mm d-1 in all six regions
Urban,SSP2-4.5,NE,Storm-only,-28.02779583034055,-76.1638936163067,6.734016188910559,2.5th-97.5th percentiles across paired RR draws and three CWRF climate members,storm rain >=50 mm d-1 in all six regions
Urban,SSP2-4.5,NC,Storm-only,-0.6606254838884951,-86.28131023378768,54.39520848546084,2.5th-97.5th percentiles across paired RR draws and three CWRF climate members,storm rain >=50 mm d-1 in all six regions
Urban,SSP2-4.5,NW,Storm-only,20.36369205047967,-70.65798316958731,89.00168479565639,2.5th-97.5th percentiles across paired RR draws and three CWRF climate members,storm rain >=50 mm d-1 in all six regions
Urban,SSP2-4.5,EC,Storm-only,22.706224579320946,-77.67910912849828,68.70958813179641,2.5th-97.5th percentiles across paired RR draws and three CWRF climate members,storm rain >=50 mm d-1 in all six regions
Urban,SSP2-4.5,CC,Storm-only,5.696132321745708,-93.39654374975103,87.56846432462473,2.5th-97.5th percentiles across paired RR draws and three CWRF climate members,storm rain >=50 mm d-1 in all six regions
Urban,SSP2-4.5,SC,Storm-only,43.51379333574195,-80.40736472067566,86.5140813708,2.5th-97.5th percentiles across paired RR draws and three CWRF climate members,storm rain >=50 mm d-1 in all six regions
Urban,SSP5-8.5,China,Main HRRD,86.72010803222656,-18.54534149169922,175.25335693359375,2.5th-97.5th percentiles across paired RR draws and three CWRF climate members,storm rain >=50 mm d-1 in all six regions
Urban,SSP5-8.5,NE,Main HRRD,29.2403564453125,10.8848876953125,38.22575378417969,2.5th-97.5th percentiles across paired RR draws and three CWRF climate members,storm rain >=50 mm d-1 in all six regions
Urban,SSP5-8.5,NC,Main HRRD,69.12078857421875,49.223785400390625,97.65876770019531,2.5th-97.5th percentiles across paired RR draws and three CWRF climate members,storm rain >=50 mm d-1 in all six regions
Urban,SSP5-8.5,NW,Main HRRD,78.124755859375,44.83390808105469,139.75518798828125,2.5th-97.5th percentiles across paired RR draws and three CWRF climate members,storm rain >=50 mm d-1 in all six regions
Urban,SSP5-8.5,EC,Main HRRD,86.74063110351562,75.25001525878906,98.14381408691406,2.5th-97.5th percentiles across paired RR draws and three CWRF climate members,storm rain >=50 mm d-1 in all six regions
Urban,SSP5-8.5,CC,Main HRRD,68.86650085449219,-51.27614212036133,190.51467895507812,2.5th-97.5th percentiles across paired RR draws and three CWRF climate members,storm rain >=50 mm d-1 in all six regions
Urban,SSP5-8.5,SC,Main HRRD,91.96330261230469,20.90538787841797,185.79486083984375,2.5th-97.5th percentiles across paired RR draws and three CWRF climate members,storm rain >=50 mm d-1 in all six regions
Urban,SSP5-8.5,China,Storm-only,93.7268365630905,18.095842582728388,240.80115444939452,2.5th-97.5th percentiles across paired RR draws and three CWRF climate members,storm rain >=50 mm d-1 in all six regions
Urban,SSP5-8.5,NE,Storm-only,29.240361220304834,10.884889202245134,38.22575802768537,2.5th-97.5th percentiles across paired RR draws and three CWRF climate members,storm rain >=50 mm d-1 in all six regions
Urban,SSP5-8.5,NC,Storm-only,69.12079428125506,49.22378366134129,97.65876275463842,2.5th-97.5th percentiles across paired RR draws and three CWRF climate members,storm rain >=50 mm d-1 in all six regions
Urban,SSP5-8.5,NW,Storm-only,78.12476026039468,44.83390234991839,139.7551817076583,2.5th-97.5th percentiles across paired RR draws and three CWRF climate members,storm rain >=50 mm d-1 in all six regions
Urban,SSP5-8.5,EC,Storm-only,86.74063379927867,75.2500134422707,98.1438158736467,2.5th-97.5th percentiles across paired RR draws and three CWRF climate members,storm rain >=50 mm d-1 in all six regions
Urban,SSP5-8.5,CC,Storm-only,77.91947162379114,72.34662639262766,92.58953155474674,2.5th-97.5th percentiles across paired RR draws and three CWRF climate members,storm rain >=50 mm d-1 in all six regions
Urban,SSP5-8.5,SC,Storm-only,104.6081949281211,87.29922040509945,135.5219571483443,2.5th-97.5th percentiles across paired RR draws and three CWRF climate members,storm rain >=50 mm d-1 in all six regions
